BioGuideID,Name,Party,Chamber,Anomaly_Count,Anomaly_Rate,Total_Trades,Avg_CAR
P000197,Nancy Pelosi,D,House,69,0.5073529411764706,136,0.007334266675379935
M001204,Daniel Meuser,R,House,32,0.463768115942029,69,0.01087612727335995
B001299,James E. Banks,R,House,8,0.32,25,-0.0753777470754353
S001203,"Smith, Tina",D,Senate,7,0.3181818181818182,22,0.04346307175233883
G000590,Mark Dr Green,R,House,68,0.31627906976744186,215,0.006869889749992059
M001203,Tom Malinowski,D,House,61,0.29901960784313725,204,-0.021476130260733858
K000378,Adam Kinzinger,R,House,9,0.2903225806451613,31,-0.0429871371751948
M001244,"Moody, Ashley B.",R,Senate,6,0.2857142857142857,21,0.00010611021038820474
M001236,Tim Moore,R,House,46,0.2754491017964072,167,0.00439222915906769
M001199,Brian Mast,R,House,17,0.27419354838709675,62,0.015868569655304195
W000816,Roger Williams,R,House,6,0.2727272727272727,22,0.02037158818201712
L000594,"Loeffler, Kelly",R,Senate,66,0.26506024096385544,249,-0.013072608192523755
B001325,Sheri Biggs,R,House,19,0.2638888888888889,72,-0.0070208110591336425
G000590,Mark Green,R,House,43,0.2621951219512195,164,-0.06815430794807657
S001216,Kim Dr Schrier,D,House,7,0.25925925925925924,27,0.014282646148769907
C001120,Daniel Crenshaw,R,House,7,0.25,28,-0.021987849715282132
G000061,Michael Garcia,R,House,12,0.24,50,0.07971322423980204
S001201,Thomas Suozzi,D,House,126,0.23551401869158878,535,0.010400993780605872
S001190,Bradley S. Schneider,D,House,23,0.20909090909090908,110,0.002501685555424263
P000048,August Lee Pfluger Ii,R,House,4,0.2,20,-0.053805457239735156
F000246,Patrick Fallon,R,House,35,0.2,175,-0.033629550365648936
S001148,Michael K. Simpson,R,House,10,0.19230769230769232,52,-0.03210850187185109
G000584,Greg Gianforte,R,House,189,0.18657453109575517,1013,0.008073822015619707
F000110,Cleo Fields,D,House,35,0.18041237113402062,194,0.012738065259634638
W000797,Debbie Wasserman Schultz,D,House,13,0.16666666666666666,78,0.041254634029640296
H000273,"Hickenlooper, John",D,Senate,15,0.16129032258064516,93,-0.005671994382659931
M001220,Morgan Mcgarvey,D,House,4,0.16,25,0.008426511535172224
M001198,Roger W. Marshall,R,House,14,0.1590909090909091,88,-0.021395615986235076
F000461,Mr. Bill Flores,R,House,15,0.15,100,0.003947795230510629
A000372,Richard W. Allen,R,House,26,0.14689265536723164,177,-0.010170513490789948
C001066,Kathy Castor,D,House,5,0.14285714285714285,35,0.012795536362713042
S001180,Kurt Schrader,D,House,12,0.14285714285714285,84,0.006193506107384743
A000378,Cindy Axne,D,House,23,0.13218390804597702,174,-0.008898328162351749
T000488,Shri Thanedar,D,House,6,0.13043478260869565,46,0.003325636478324449
F000459,"Charles J. ""Chuck"" Fleischmann",R,House,3,0.13043478260869565,23,-0.0021980798361164637
R000307,"Roberts, Pat",R,Senate,48,0.13043478260869565,368,0.004029638635584093
S001206,Donna Shalala,D,House,57,0.12866817155756208,443,0.007488241487804445
C001108,James Comer,R,House,5,0.12195121951219512,41,-0.004916070299620732
B001299,James E Hon Banks,R,House,3,0.10714285714285714,28,0.022998725615720136
P000612,"Jr, David A Perdue ",R,Senate,2,0.1,20,-0.07443532805892215
L000559,James R. Langevin,D,House,35,0.09831460674157304,356,-0.013918244720302947
B001286,Cheri Bustos,D,House,3,0.0967741935483871,31,-0.018665395660151334
S000168,Maria Elvira Salazar,R,House,2,0.09523809523809523,21,0.02066249551863452
B001274,Mo Brooks,R,House,8,0.09411764705882353,85,0.0035655161753311076
M001213,Blake Moore,R,House,12,0.09022556390977443,133,-0.01407240419898696
W000830,George Whitesides,D,House,3,0.08823529411764706,34,0.011985459676351383
R000618,"Ricketts, Pete",R,Senate,2,0.08695652173913043,23,-0.028082503217800835
D000617,Suzan K. Delbene,D,House,8,0.08602150537634409,93,0.009275325414487346
L000595,Julia Letlow,R,House,16,0.08376963350785341,191,-0.004757386599485935
G000583,Josh Gottheimer,D,House,262,0.08236403646651996,3181,0.0015481888067272872
D000624,Debbie Dingell,D,House,14,0.08139534883720931,172,0.002189511969365303
S000929,Victoria Spartz,R,House,2,0.08,25,0.012266297474254548
J000020,Christopher L. Jacobs,R,House,14,0.0748663101604278,187,0.019524926289588383
J000295,David P. Joyce,R,House,9,0.0743801652892562,121,-0.007470537435960811
B001327,Rob Bresnahan,R,House,44,0.07432432432432433,592,0.011745044202136939
B001292,Donald Sternoff  Beyer Jr,D,House,7,0.07368421052631578,95,-0.0009061343282524152
S001229,Jefferson Shreve,R,House,40,0.07326007326007326,546,0.0039999469408775945
G000596,Mrs. Marjorie Taylor Greene,R,House,2,0.07142857142857142,28,-0.020370833620487257
F000462,Ms. Lois Frankel,D,House,9,0.07142857142857142,126,0.009782132100690514
G000591,Michael Patrick Guest,R,House,4,0.06896551724137931,58,0.021382369490177758
T000490,David J. Taylor,R,House,5,0.06756756756756757,74,0.011718981405629414
F000472,C. Scott Franklin,R,House,6,0.06741573033707865,89,0.013244179112530214
C001068,Steve Cohen,D,House,6,0.06741573033707865,89,0.0049768473179759055
L000601,Greg Landsman,D,House,11,0.06707317073170732,164,0.011369024869929021
S000250,Pete Sessions,R,House,23,0.0659025787965616,349,0.0071718722814823775
H001041,"Heller, Dean",R,Senate,4,0.06557377049180328,61,-0.0030311830720302917
K000398,Thomas H. Kean Jr,R,House,4,0.06451612903225806,62,-0.014396032879093686
P000612,"Perdue, David",R,Senate,101,0.063125,1600,-0.0012913701546318596
H001094,Valerie Hoyle,D,House,23,0.06133333333333333,375,-0.01663346858622306
G000551,Mr. Raúl M. Grijalva,D,House,2,0.06060606060606061,33,-0.021103381300446023
H001072,James French Hill,R,House,3,0.058823529411764705,51,0.006591209298674739
G000551,Raúl M. Grijalva,D,House,5,0.05813953488372093,86,-0.004572111438910993
G000596,Marjorie Taylor Greene,R,House,19,0.05740181268882175,331,0.005199078103270097
M001157,Michael T. McCaul,R,House,893,0.057306038631842394,15583,0.0013945636735384662
B001292,Donald Sternoff Beyer Jr.,D,House,4,0.05714285714285714,70,-0.01954890504472091
H001061,"Hoeven, John",R,Senate,9,0.056962025316455694,158,0.012861164347267784
N000192,Marie Newman,D,House,15,0.05514705882352941,272,-0.009108331535625878
M000355,"McConnell, A. Mitchell Jr.",R,Senate,2,0.05405405405405406,37,-0.023739956566640782
C001114,John Curtis,R,House,14,0.05303030303030303,264,-0.0023382716445512364
P000595,"Peters, Gary",D,Senate,3,0.05263157894736842,57,-0.018285381210788883
L000579,Alan S. Lowenthal,D,House,52,0.05236656596173213,993,0.05639779871905804
C000174,"Carper, Thomas R.",D,Senate,33,0.0502283105022831,657,0.0029567065337445285
T000278,"Tuberville, Tommy",R,Senate,53,0.050189393939393936,1056,-0.004275674720029722
L000560,Rick Larsen,D,House,3,0.05,60,-0.015128234907541836
M001234,Kelly Louise Morrison,D,House,3,0.05,60,0.011924449478252209
M001190,"Mullin, Markwayne",R,Senate,17,0.04985337243401759,341,0.01508960387950551
P000609,Gary Palmer,R,House,11,0.04954954954954955,222,0.003589841422908576
M000934,"Moran, Jerry",R,Senate,10,0.04950495049504951,202,-0.00599724592973965
T000461,"Toomey, Pat",R,Senate,5,0.04950495049504951,101,-0.0037185034396058025
T000486,Ritchie John Torres,D,House,6,0.04918032786885246,122,-0.012352767936597763
J000307,John James,R,House,12,0.047058823529411764,255,-0.00356325469049557
G000563,Bob Gibbs,R,House,7,0.04697986577181208,149,-0.0029470732007371397
B001297,Kenneth R. Buck,R,House,3,0.046875,64,-0.0026226524115898295
J000309,Jonathan Jackson,D,House,7,0.04666666666666667,150,-0.01787767251649178
P000608,Scott H. Peters,D,House,15,0.046153846153846156,325,0.010671357213747271
B001236,"Boozman, John",R,Senate,12,0.04597701149425287,261,0.006497495054679245
M001217,Jared Moskowitz,D,House,17,0.04594594594594595,370,0.010661516401854037
R000609,John Rutherford,R,House,13,0.04436860068259386,293,-7.030264063788479e-05
B001292,Donald Sternoff Beyer Jr,D,House,18,0.04285714285714286,420,0.0052529056242731145
N000189,Dan Newhouse,R,House,7,0.04242424242424243,165,-0.005548431108956802
C001062,K. Michael Conaway,R,House,35,0.041866028708133975,836,-0.007746878678405768
C001123,Gilbert Cisneros,D,House,69,0.04164152082076041,1657,0.004162764248705501
F000450,Virginia Foxx,R,House,30,0.04155124653739612,722,-0.002095789179534501
F000472,Scott Scott Franklin,R,House,3,0.04,75,0.0029898329597494735
F000461,Bill Flores,R,House,25,0.03968253968253968,630,-0.005230665833990118
G000596,Marjorie Taylor Mrs Greene,R,House,5,0.03968253968253968,126,-0.004385732936616627
W000821,Bruce Westerman,R,House,8,0.03864734299516908,207,0.009661507071085576
D000032,Byron Donalds,R,House,9,0.037037037037037035,243,-0.023099205089707236
D000598,Susan A. Davis,D,House,2,0.037037037037037035,54,-0.00877624738049748
C001071,"Jr, Robert P Corker",R,Senate,24,0.03625377643504532,662,0.0059929066530621505
Y000062,John A. Yarmuth,D,House,11,0.035830618892508145,307,-0.009144004600048973
H001082,Kevin Hern,R,House,21,0.03442622950819672,610,-0.0028464445897638355
G000599,Daniel Goldman,D,House,38,0.034358047016274866,1106,-0.012978010570439406
E000296,Dwight Evans,D,House,5,0.03355704697986577,149,-0.007004783288357199
L000590,Susie Lee,D,House,32,0.032,1000,-0.007911498728734161
M001136,Lisa Mcclain,R,House,44,0.03197674418604651,1376,-0.0113184656627664
S001207,Mikie Sherrill,D,House,8,0.029411764705882353,272,-0.0032211281687298922
P000616,Dean Phillips,D,House,21,0.029288702928870293,717,0.009269556128299376
T000479,Nicholas Van Taylor,R,House,10,0.029239766081871343,342,-0.002111102239282961
C000567,"Cochran, Thad",R,Senate,9,0.027950310559006212,322,-0.017169161170893597
S001211,HON. GREG STANTON,D,House,5,0.027472527472527472,182,-0.0022435112348042543
H001086,Diana Harshbarger,R,House,25,0.02717391304347826,920,0.0015361564669391541
M001135,Kathy Manning,D,House,18,0.025210084033613446,714,-0.006123010328048908
C001101,Katherine M. Clark,D,House,14,0.025089605734767026,558,0.0010441116127858792
B001248,Michael C. Burgess,R,House,3,0.02459016393442623,122,-0.0014593137247194989
J000310,Julie Johnson,D,House,11,0.022357723577235773,492,0.010996692535460907
J000305,Sara Jacobs,D,House,1,0.022222222222222223,45,-0.014901032716079378
M001218,Richard Dean Dr Mccormick,R,House,1,0.019230769230769232,52,-0.005251044310005047
K000389,Ro Khanna,D,House,399,0.017181982602704333,23222,-0.0027815240152028694
F000462,Lois Frankel,D,House,20,0.016736401673640166,1195,-0.005216189662268892
K000383,"King, Angus",I,Senate,1,0.016666666666666666,60,-0.02197924559097962
C001047,"Capito, Shelley Moore",R,Senate,8,0.015904572564612324,503,-0.0019343825358926878
C001035,"Collins, Susan M.",R,Senate,4,0.015873015873015872,252,0.0022246723346017556
C001078,Gerald E. Connolly,D,House,1,0.014925373134328358,67,-0.019102056798929696
M001111,"Murray, Patty",D,Senate,2,0.014814814814814815,135,-0.00381989069567864
M001180,David B. Mckinley,R,House,5,0.013123359580052493,381,-0.0038404819969163153
R000122,"Reed, John F.",D,Senate,2,0.01282051282051282,156,-0.0028404100372107807
W000800,Peter Welch,D,House,1,0.0125,80,-0.0180568120699345
M001186,Mr. Peter Meijer,R,House,2,0.008403361344537815,238,-0.016838849450782217
C001075,"Cassidy, Bill",R,Senate,1,0.006493506493506494,154,-0.0038204286176785987
C001062,Mr. K. Michael Conaway,R,House,0,0.0,83,0.008039968591653261
G000579,Michael John Gallagher,R,House,0,0.0,32,0.004221981241845544
K000398,Thomas H. Kean Jr.,R,House,0,0.0,32,-0.010218019884136394
F000468,Elizabeth Fletcher,D,House,0,0.0,86,0.013853826887237035
F000472,Scott Mr Franklin,R,House,0,0.0,28,-0.009766082415605972
M001205,Carol Devine Miller,R,House,0,0.0,106,-0.015643949968777902
M001232,April Mcclain Delaney,D,House,0,0.0,149,-0.009841495514542832
M001243,"McCormick, David H.",R,Senate,0,0.0,24,0.1282830776284971
S001198,"Sullivan, Dan",R,Senate,0,0.0,107,0.006187401674135717
T000476,"Tillis, Thom",R,Senate,0,0.0,46,-0.004501773914905221
